Run Name,Axle Torque (Nm),Axle Speed (rpm),Power (kW),TqC (Nm),Time (sec),Tailshaft Speed (rpm),Speed (km/h),Tacho [Rat] (rpm),Speed L (rpm),Tq L (Nm),Speed R (rpm),Axle Tq R (Nm),Comments
MUREV2025.0038,423.5,467.96,20.796,129.633,1.3,1829.7,36.0,1531.9,468.5,210.5,467.4,213.0,
MUREV2025.0038,424.0,464.6,20.74,129.805,1.35,1816.6,35.856,1525.8,465.4,211.0,463.8,213.0,
MUREV2025.0038,424.5,463.84,20.668,129.795,1.4,1813.6,35.734,1520.6,464.6,211.5,463.0,213.0,
MUREV2025.0038,424.0,465.48,20.627,129.669,1.45,1820.0,35.698,1519.1,466.1,211.5,464.9,212.5,
MUREV2025.0038,423.5,469.88,20.639,129.431,1.5,1837.2,35.784,1522.7,470.8,211.5,469.0,212.0,
MUREV2025.0038,422.0,474.68,20.706,129.201,1.55,1856.0,35.964,1530.4,475.2,211.0,474.2,211.0,
MUREV2025.0038,421.5,478.2,20.8,129.036,1.6,1869.8,36.173,1539.3,478.9,211.0,477.5,210.5,
MUREV2025.0038,421.0,479.2,20.877,128.927,1.65,1873.7,36.338,1546.3,479.9,211.0,478.5,210.0,
MUREV2025.0038,421.5,478.88,20.951,128.997,1.7,1872.4,36.446,1550.9,479.3,211.5,478.5,210.0,
MUREV2025.0038,421.5,479.04,20.993,129.0,1.75,1873.0,36.518,1554.0,479.9,212.0,478.2,209.5,
MUREV2025.0038,421.5,480.52,21.043,129.005,1.8,1878.8,36.605,1557.7,481.2,212.0,479.8,209.5,
MUREV2025.0038,421.0,484.32,21.111,128.891,1.85,1893.7,36.756,1564.1,485.0,212.0,483.7,209.0,
MUREV2025.0038,421.0,489.16,21.222,128.782,1.9,1912.6,36.979,1573.6,490.1,212.5,488.2,208.5,
MUREV2025.0038,420.0,493.16,21.352,128.675,1.95,1928.3,37.238,1584.6,493.8,212.5,492.6,207.5,
MUREV2025.0038,420.0,495.72,21.477,128.627,2.0,1938.3,37.469,1594.4,496.7,213.0,494.7,207.0,
MUREV2025.0038,420.5,496.72,21.581,128.635,2.05,1942.2,37.649,1602.1,497.5,213.5,495.9,207.0,
MUREV2025.0038,420.5,497.48,21.685,128.761,2.1,1945.1,37.793,1608.2,498.3,214.0,496.6,206.5,
MUREV2025.0038,420.5,498.72,21.755,128.761,2.15,1950.0,37.915,1613.4,499.8,214.5,497.6,206.0,
MUREV2025.0038,420.5,501.2,21.842,128.763,2.2,1959.7,38.066,1619.9,502.0,215.0,500.4,205.5,
MUREV2025.0038,420.5,505.12,21.944,128.707,2.25,1975.0,38.261,1628.1,506.0,215.5,504.2,205.0,
MUREV2025.0038,419.5,508.96,22.056,128.591,2.3,1990.0,38.491,1637.9,509.8,215.5,508.1,204.0,
MUREV2025.0038,419.5,512.16,22.179,128.538,2.35,2002.5,38.722,1647.7,513.0,216.0,511.3,203.5,
MUREV2025.0038,419.5,514.0,22.3,128.542,2.4,2009.7,38.93,1656.6,515.0,216.5,513.0,203.0,
MUREV2025.0038,419.5,514.6,22.397,128.603,2.45,2012.1,39.082,1663.1,515.5,217.0,513.7,202.5,
MUREV2025.0038,420.0,515.6,22.477,128.662,2.5,2016.0,39.204,1668.3,516.6,218.0,514.6,202.0,
MUREV2025.0038,420.0,517.88,22.559,128.66,2.55,2024.9,39.348,1674.4,519.0,218.5,516.7,201.5,
MUREV2025.0038,420.0,521.16,22.652,128.599,2.6,2037.7,39.528,1682.0,522.1,219.0,520.2,201.0,
MUREV2025.0038,419.5,525.16,22.759,128.48,2.65,2053.4,39.751,1691.5,526.0,219.5,524.3,200.0,
MUREV2025.0038,419.5,528.96,22.874,128.363,2.7,2068.2,39.989,1701.7,529.7,220.0,528.2,199.5,
MUREV2025.0038,419.0,531.32,23.007,128.368,2.75,2077.5,40.219,1711.5,531.8,220.5,530.8,198.5,
MUREV2025.0038,419.0,532.88,23.114,128.368,2.8,2083.6,40.406,1719.4,533.7,221.0,532.1,198.0,
MUREV2025.0038,419.0,534.0,23.211,128.428,2.85,2087.9,40.558,1725.9,534.6,221.5,533.4,197.5,
MUREV2025.0038,419.0,535.56,23.293,128.424,2.9,2094.0,40.702,1732.0,536.2,222.0,535.0,197.0,
MUREV2025.0038,419.0,538.6,23.38,128.361,2.95,2105.9,40.874,1739.3,539.4,222.5,537.8,196.5,
MUREV2025.0038,419.0,542.28,23.489,128.302,3.0,2120.3,41.083,1748.2,542.9,223.0,541.7,196.0,
MUREV2025.0038,418.5,545.84,23.61,128.244,3.05,2134.2,41.314,1758.0,546.9,223.5,544.8,195.0,
MUREV2025.0038,418.0,548.92,23.731,128.187,3.1,2146.3,41.544,1767.8,549.8,223.5,548.0,194.5,
MUREV2025.0038,418.0,550.76,23.846,128.188,3.15,2153.5,41.746,1776.4,551.8,224.0,549.7,194.0,
MUREV2025.0038,419.0,552.08,23.952,128.248,3.2,2158.6,41.911,1783.5,553.3,225.0,550.9,194.0,
MUREV2025.0038,419.0,553.88,24.042,128.245,3.25,2165.7,42.07,1790.2,555.0,225.5,552.7,193.5,
MUREV2025.0038,419.0,556.28,24.14,128.243,3.3,2175.1,42.242,1797.6,557.3,226.0,555.3,193.0,
MUREV2025.0038,418.0,559.36,24.236,128.181,3.35,2187.1,42.43,1805.5,560.3,226.0,558.4,192.0,
MUREV2025.0038,418.0,563.24,24.34,128.06,3.4,2202.3,42.653,1815.0,563.8,226.5,562.7,191.5,
MUREV2025.0038,418.0,566.56,24.465,128.002,3.45,2215.2,42.89,1825.1,567.1,227.0,566.0,191.0,
MUREV2025.0038,418.0,568.88,24.576,127.943,3.5,2224.3,43.106,1834.3,569.1,227.5,568.6,190.5,
MUREV2025.0038,418.0,570.8,24.687,127.942,3.55,2231.8,43.301,1842.6,571.0,228.0,570.6,190.0,
MUREV2025.0038,418.0,572.76,24.782,127.922,3.6,2239.5,43.474,1849.9,573.1,228.5,572.4,189.5,
MUREV2025.0038,417.5,574.72,24.881,127.926,3.65,2247.2,43.646,1857.3,575.0,228.5,574.5,189.0,
MUREV2025.0038,417.5,577.56,24.99,127.938,3.7,2258.3,43.834,1865.3,578.1,229.0,577.0,188.5,
MUREV2025.0038,417.5,580.92,25.097,127.877,3.75,2271.4,44.042,1874.2,581.6,229.5,580.2,188.0,
MUREV2025.0038,417.0,584.12,25.209,127.817,3.8,2283.9,44.258,1883.3,584.7,229.5,583.5,187.5,
MUREV2025.0038,417.0,586.72,25.332,127.819,3.85,2294.1,44.474,1892.5,587.6,230.0,585.8,187.0,
MUREV2025.0038,417.0,588.88,25.443,127.819,3.9,2302.5,44.669,1900.8,589.8,230.5,588.0,186.5,
MUREV2025.0038,417.0,590.68,25.545,127.817,3.95,2309.6,44.849,1908.5,591.6,231.0,589.8,186.0,
MUREV2025.0038,417.0,592.68,25.643,127.815,4.0,2317.4,45.022,1915.8,593.8,231.5,591.6,185.5,
MUREV2025.0038,417.0,594.96,25.737,127.812,4.05,2326.3,45.187,1922.9,595.9,232.0,594.0,185.0,
MUREV2025.0038,417.0,598.08,25.835,127.75,4.1,2338.5,45.382,1931.1,598.9,232.5,597.3,184.5,
MUREV2025.0038,416.5,601.04,25.941,127.689,4.15,2350.1,45.59,1940.0,601.6,233.0,600.5,183.5,
MUREV2025.0038,416.5,604.0,26.048,127.629,4.2,2361.6,45.799,1948.9,604.3,233.5,603.7,183.0,
MUREV2025.0038,416.5,606.92,26.158,127.569,4.25,2373.1,46.015,1958.1,607.2,234.0,606.6,182.5,
MUREV2025.0038,416.5,609.56,26.264,127.508,4.3,2383.4,46.224,1967.0,609.8,234.5,609.4,182.0,
MUREV2025.0038,416.5,611.44,26.375,127.508,4.35,2390.7,46.418,1975.3,611.6,235.0,611.3,181.5,
MUREV2025.0038,416.0,613.4,26.473,127.506,4.4,2398.4,46.591,1982.6,613.5,235.0,613.3,181.0,
MUREV2025.0038,416.0,615.52,26.57,127.503,4.45,2406.7,46.764,1990.0,615.7,235.5,615.4,180.5,
MUREV2025.0038,416.0,618.44,26.663,127.441,4.5,2418.1,46.951,1997.9,619.0,236.0,617.9,180.0,
MUREV2025.0038,416.0,621.44,26.778,127.441,4.55,2429.8,47.153,2006.5,621.9,236.0,621.0,180.0,
MUREV2025.0038,415.5,624.48,26.888,127.381,4.6,2441.7,47.369,2015.7,625.0,236.0,623.9,179.5,
MUREV2025.0038,416.0,627.2,27.007,127.383,4.65,2452.4,47.578,2024.6,627.8,236.5,626.6,179.5,
MUREV2025.0038,415.5,629.56,27.121,127.383,4.7,2461.6,47.779,2033.2,630.2,236.5,629.0,179.0,
MUREV2025.0038,416.0,631.68,27.228,127.382,4.75,2469.9,47.966,2041.1,632.5,237.0,630.9,179.0,
MUREV2025.0038,416.0,633.84,27.329,127.381,4.8,2478.3,48.146,2048.8,634.6,237.5,633.0,178.5,
MUREV2025.0038,416.0,636.2,27.431,127.379,4.85,2487.5,48.326,2056.4,637.0,238.0,635.4,178.0,
MUREV2025.0038,415.5,639.36,27.546,127.38,4.9,2499.9,48.528,2065.0,640.2,238.0,638.5,177.5,
MUREV2025.0038,415.5,642.52,27.655,127.32,4.95,2512.3,48.744,2074.2,643.2,238.5,641.8,177.0,
MUREV2025.0038,415.5,645.48,27.778,127.322,5.0,2523.8,48.96,2083.4,646.2,239.0,644.8,176.5,
MUREV2025.0038,415.5,647.96,27.897,127.323,5.05,2533.5,49.169,2092.3,648.7,240.0,647.2,175.5,
MUREV2025.0038,415.5,649.88,28.007,127.322,5.1,2541.0,49.363,2100.6,650.4,240.5,649.4,175.0,
MUREV2025.0038,415.5,651.96,28.105,127.32,5.15,2549.2,49.536,2107.9,652.7,241.0,651.2,174.5,
MUREV2025.0038,415.5,654.24,28.207,127.319,5.2,2558.1,49.716,2115.6,655.0,242.0,653.5,173.5,
MUREV2025.0038,415.5,657.12,28.313,127.318,5.25,2569.3,49.903,2123.5,658.0,242.5,656.2,173.0,
MUREV2025.0038,415.0,660.36,28.422,127.257,5.3,2582.0,50.119,2132.7,661.4,243.0,659.4,172.0,
MUREV2025.0038,415.0,663.48,28.531,127.197,5.35,2594.2,50.335,2141.9,664.4,244.0,662.6,171.0,
MUREV2025.0038,415.0,666.4,28.658,127.2,5.4,2605.6,50.558,2151.4,667.4,244.5,665.4,170.5,
MUREV2025.0038,415.0,668.52,28.772,127.2,5.45,2613.9,50.76,2160.0,669.6,245.5,667.4,169.5,
MUREV2025.0038,415.5,670.4,28.874,127.198,5.5,2621.3,50.94,2167.7,671.4,246.5,669.4,169.0,
MUREV2025.0038,415.0,672.4,28.985,127.258,5.55,2629.1,51.113,2175.0,673.6,247.0,671.2,168.0,
MUREV2025.0038,415.0,674.92,29.087,127.256,5.6,2638.9,51.293,2182.7,676.2,248.0,673.7,167.0,
MUREV2025.0038,415.5,678.08,29.187,127.194,5.65,2651.3,51.494,2191.3,679.2,249.0,677.0,166.5,
MUREV2025.0038,415.0,681.6,29.3,127.135,5.7,2665.1,51.718,2200.8,682.7,249.5,680.5,165.5,
MUREV2025.0038,415.0,684.8,29.417,127.076,5.75,2677.6,51.948,2210.6,685.8,250.5,683.8,164.5,
MUREV2025.0038,415.0,687.36,29.539,127.078,5.8,2687.6,52.164,2219.8,688.3,251.5,686.4,163.5,
MUREV2025.0038,414.5,689.28,29.664,127.139,5.85,2695.1,52.358,2228.0,690.3,252.0,688.2,162.5,
MUREV2025.0038,415.0,691.04,29.765,127.137,5.9,2702.0,52.538,2235.7,692.1,253.0,690.0,162.0,
MUREV2025.0038,415.0,693.16,29.858,127.134,5.95,2710.3,52.704,2242.7,694.2,254.0,692.2,161.0,
MUREV2025.0038,414.5,695.96,29.95,127.071,6.0,2721.2,52.891,2250.7,697.0,254.5,695.0,160.0,
MUREV2025.0038,414.5,699.28,30.053,127.009,6.05,2734.2,53.1,2259.6,700.2,255.0,698.3,159.5,
MUREV2025.0038,414.0,702.72,30.151,126.888,6.1,2747.6,53.323,2269.1,703.8,255.5,701.6,158.5,
MUREV2025.0038,414.0,705.6,30.278,126.89,6.15,2758.9,53.546,2278.6,706.6,256.0,704.6,158.0,
MUREV2025.0038,414.0,708.0,30.385,126.829,6.2,2768.3,53.762,2287.8,709.1,256.5,706.9,157.5,
MUREV2025.0038,413.5,709.8,30.491,126.828,6.25,2775.3,53.95,2295.7,711.0,257.0,708.6,156.5,
MUREV2025.0038,414.0,711.6,30.598,126.887,6.3,2782.4,54.115,2302.8,712.6,258.0,710.6,156.0,
MUREV2025.0038,414.0,713.92,30.68,126.823,6.35,2791.4,54.288,2310.1,715.0,258.5,712.8,155.5,
MUREV2025.0038,413.5,716.96,30.79,126.822,6.4,2803.3,54.482,2318.4,718.0,258.5,715.9,155.0,
MUREV2025.0038,413.5,720.2,30.897,126.761,6.45,2816.0,54.698,2327.6,721.1,259.0,719.3,154.5,
MUREV2025.0038,413.5,723.28,31.005,126.701,6.5,2828.0,54.914,2336.8,724.3,259.5,722.2,154.0,
MUREV2025.0038,413.5,725.88,31.123,126.703,6.55,2838.2,55.123,2345.7,726.8,260.0,725.0,153.5,
MUREV2025.0038,413.5,727.8,31.233,126.702,6.6,2845.7,55.318,2353.9,728.8,260.5,726.8,153.0,
MUREV2025.0038,413.5,729.88,31.334,126.7,6.65,2853.8,55.498,2361.6,730.8,261.0,729.0,152.5,
MUREV2025.0038,413.5,732.28,31.435,126.698,6.7,2863.2,55.678,2369.3,733.2,261.5,731.4,152.0,
MUREV2025.0038,413.5,735.16,31.545,126.698,6.75,2874.5,55.872,2377.5,736.2,262.0,734.1,151.5,
MUREV2025.0038,413.5,738.44,31.651,126.637,6.8,2887.3,56.088,2386.7,739.4,262.5,737.4,151.0,
MUREV2025.0038,413.5,741.52,31.758,126.578,6.85,2899.3,56.304,2395.9,742.6,263.0,740.5,150.5,
MUREV2025.0038,413.0,744.44,31.885,126.58,6.9,2910.8,56.527,2405.4,745.6,263.5,743.3,149.5,
MUREV2025.0038,413.0,746.76,31.987,126.518,6.95,2919.8,56.736,2414.3,747.8,264.0,745.8,149.0,
MUREV2025.0038,413.0,749.0,32.097,126.518,7.0,2928.6,56.93,2422.6,750.2,264.5,747.8,148.5,
MUREV2025.0038,412.5,751.12,32.198,126.516,7.05,2936.9,57.11,2430.2,752.2,265.0,750.1,147.5,
MUREV2025.0038,413.0,753.76,32.291,126.453,7.1,2947.2,57.305,2438.5,754.8,266.0,752.7,147.0,
MUREV2025.0038,412.5,756.6,32.405,126.453,7.15,2958.3,57.506,2447.1,757.8,266.5,755.4,146.0,
MUREV2025.0038,412.5,759.92,32.511,126.392,7.2,2971.3,57.722,2456.3,760.6,267.0,759.2,145.5,
MUREV2025.0038,412.5,762.8,32.617,126.332,7.25,2982.5,57.938,2465.5,763.7,268.0,761.9,144.5,
MUREV2025.0038,412.0,765.4,32.739,126.333,7.3,2992.7,58.154,2474.7,766.2,268.5,764.6,143.5,
MUREV2025.0038,412.0,767.6,32.848,126.333,7.35,3001.3,58.349,2482.9,768.2,269.5,767.0,142.5,
MUREV2025.0038,412.5,769.8,32.953,126.331,7.4,3009.9,58.536,2490.9,770.6,270.5,769.0,142.0,
MUREV2025.0038,412.5,772.0,33.054,126.329,7.45,3018.5,58.716,2498.6,772.6,271.5,771.4,141.0,
MUREV2025.0038,412.5,774.6,33.159,126.328,7.5,3028.7,58.903,2506.5,775.1,272.5,774.1,140.0,
MUREV2025.0038,412.0,777.56,33.256,126.266,7.55,3040.3,59.105,2515.1,778.2,273.0,776.9,139.0,
MUREV2025.0038,412.0,780.84,33.378,126.267,7.6,3053.1,59.321,2524.3,781.2,274.0,780.5,138.0,
MUREV2025.0038,412.0,783.72,33.504,126.269,7.65,3064.3,59.544,2533.8,784.1,275.0,783.4,137.0,
MUREV2025.0038,412.0,786.16,33.622,126.27,7.7,3073.9,59.753,2542.7,786.5,276.0,785.8,136.0,
MUREV2025.0038,412.5,788.44,33.731,126.269,7.75,3082.8,59.947,2551.0,788.6,277.0,788.3,135.5,
MUREV2025.0038,412.0,790.48,33.832,126.267,7.8,3090.8,60.127,2558.6,790.8,277.5,790.2,134.5,
MUREV2025.0038,412.0,792.68,33.932,126.265,7.85,3099.4,60.307,2566.3,793.0,278.5,792.4,133.5,
MUREV2025.0038,412.0,795.4,34.037,126.264,7.9,3110.0,60.494,2574.2,795.8,279.0,795.0,133.0,
MUREV2025.0038,412.0,798.48,34.138,126.203,7.95,3122.1,60.703,2583.1,799.2,280.0,797.8,132.0,
MUREV2025.0038,412.0,801.48,34.239,126.142,8.0,3133.8,60.912,2592.0,802.1,280.5,800.9,131.5,
MUREV2025.0038,411.5,804.48,34.361,126.144,8.05,3145.5,61.128,2601.2,805.4,281.0,803.6,130.5,
MUREV2025.0038,411.5,806.92,34.462,126.082,8.1,3155.1,61.337,2610.1,807.7,282.0,806.2,129.5,
MUREV2025.0038,411.5,809.08,34.571,126.082,8.15,3163.5,61.531,2618.4,809.7,282.5,808.5,129.0,
MUREV2025.0038,411.5,811.36,34.676,126.081,8.2,3172.4,61.718,2626.3,811.9,283.5,810.8,128.0,
MUREV2025.0038,411.5,813.72,34.78,126.079,8.25,3181.6,61.906,2634.3,814.3,284.0,813.1,127.5,
MUREV2025.0038,411.5,816.68,34.872,126.017,8.3,3193.2,62.1,2642.6,817.1,285.0,816.2,126.5,
MUREV2025.0038,411.0,820.08,34.981,125.957,8.35,3206.5,62.323,2652.1,820.2,285.5,819.9,125.5,
MUREV2025.0038,410.5,823.16,35.09,125.897,8.4,3218.6,62.546,2661.6,823.0,286.0,823.4,124.5,
MUREV2025.0038,411.0,825.8,35.194,125.836,8.45,3228.9,62.762,2670.7,825.3,287.0,826.3,124.0,
MUREV2025.0038,410.5,828.2,35.311,125.837,8.5,3238.3,62.971,2679.6,827.5,287.5,828.9,123.0,
MUREV2025.0038,410.5,830.44,35.42,125.836,8.55,3247.0,63.166,2687.9,829.7,288.0,831.2,122.5,
MUREV2025.0038,410.5,832.84,35.525,125.835,8.6,3256.4,63.353,2695.9,832.0,288.5,833.7,122.0,
MUREV2025.0038,411.0,835.52,35.633,125.834,8.65,3266.9,63.547,2704.1,834.6,289.0,836.4,122.0,
MUREV2025.0038,410.5,838.52,35.733,125.772,8.7,3278.6,63.756,2713.0,837.8,289.0,839.3,121.5,
MUREV2025.0038,410.5,841.2,35.85,125.773,8.75,3289.1,63.965,2721.9,840.4,289.0,842.0,121.5,
MUREV2025.0038,410.0,844.0,35.967,125.773,8.8,3300.0,64.174,2730.8,843.2,289.0,844.8,121.0,
MUREV2025.0038,410.5,846.36,36.08,125.773,8.85,3309.3,64.375,2739.4,845.6,289.0,847.1,121.5,
MUREV2025.0038,410.5,848.56,36.185,125.772,8.9,3317.9,64.562,2747.3,847.8,289.0,849.3,121.5,
MUREV2025.0038,410.5,850.72,36.285,125.77,8.95,3326.3,64.742,2755.0,850.2,289.0,851.2,121.5,
MUREV2025.0038,410.5,853.4,36.39,125.768,9.0,3336.8,64.93,2763.0,853.0,288.5,853.8,122.0,
MUREV2025.0038,410.5,856.12,36.498,125.768,9.05,3347.4,65.124,2771.2,855.8,288.5,856.5,122.0,
MUREV2025.0038,410.5,859.2,36.598,125.707,9.1,3359.5,65.333,2780.1,859.0,288.0,859.4,122.5,
MUREV2025.0038,410.0,862.16,36.719,125.708,9.15,3371.0,65.549,2789.3,861.9,287.5,862.4,122.5,
MUREV2025.0038,410.5,864.88,36.84,125.71,9.2,3381.7,65.765,2798.5,864.6,287.5,865.2,123.0,
MUREV2025.0038,410.5,867.0,36.949,125.709,9.25,3390.0,65.959,2806.8,866.6,287.0,867.4,123.5,
MUREV2025.0038,410.5,869.36,37.067,125.754,9.3,3399.2,66.146,2814.7,869.2,287.0,869.5,123.5,
MUREV2025.0038,410.5,871.84,37.174,125.746,9.35,3408.9,66.341,2823.0,871.9,286.5,871.8,124.0,
MUREV2025.0038,410.5,874.76,37.287,125.747,9.4,3420.3,66.542,2831.6,874.8,286.5,874.7,124.0,
MUREV2025.0038,410.5,877.48,37.382,125.685,9.45,3430.9,66.744,2840.2,877.4,286.0,877.5,124.5,
MUREV2025.0038,410.5,880.36,37.499,125.686,9.5,3442.2,66.953,2849.1,880.2,286.0,880.6,124.5,
MUREV2025.0038,410.0,883.08,37.616,125.687,9.55,3452.8,67.162,2857.9,882.7,285.5,883.4,124.5,
MUREV2025.0038,410.5,885.6,37.733,125.687,9.6,3462.7,67.37,2866.8,885.3,285.5,885.9,125.0,
MUREV2025.0038,410.5,887.84,37.838,125.686,9.65,3471.5,67.558,2874.8,887.5,285.5,888.2,125.0,
MUREV2025.0038,410.0,890.52,37.95,125.686,9.7,3481.9,67.759,2883.4,890.2,285.0,890.9,125.0,
MUREV2025.0038,410.5,893.28,38.063,125.686,9.75,3492.7,67.961,2892.0,893.0,285.0,893.6,125.5,
MUREV2025.0038,410.5,896.2,38.181,125.687,9.8,3504.1,68.17,2900.8,895.7,285.0,896.7,125.5,
MUREV2025.0038,410.0,899.12,38.298,125.688,9.85,3515.6,68.378,2909.7,898.6,284.5,899.7,125.5,
MUREV2025.0038,410.5,901.92,38.419,125.689,9.9,3526.5,68.594,2918.9,901.4,284.5,902.5,126.0,
MUREV2025.0038,410.0,904.24,38.532,125.689,9.95,3535.6,68.796,2927.5,903.6,284.0,904.9,126.0,
MUREV2025.0038,410.0,906.44,38.641,125.688,10.0,3544.2,68.99,2935.8,905.8,283.5,907.1,126.5,
MUREV2025.0038,410.5,908.6,38.741,125.686,10.05,3552.6,69.17,2943.4,907.9,283.5,909.3,127.0,
MUREV2025.0038,410.5,911.28,38.845,125.684,10.1,3563.1,69.358,2951.4,910.6,283.0,912.0,127.5,
MUREV2025.0038,410.5,914.08,38.958,125.684,10.15,3574.1,69.559,2960.0,913.3,282.5,914.9,128.0,
MUREV2025.0038,410.5,917.12,39.075,125.685,10.2,3585.9,69.768,2968.9,916.3,282.0,917.9,128.5,
MUREV2025.0038,410.5,919.68,39.169,125.623,10.25,3595.9,69.97,2977.4,918.9,281.5,920.5,129.0,
MUREV2025.0038,410.0,922.16,39.282,125.623,10.3,3605.6,70.171,2986.0,921.3,280.5,923.0,129.5,
MUREV2025.0038,410.0,924.4,39.39,125.623,10.35,3614.4,70.366,2994.3,923.5,280.0,925.3,130.0,
MUREV2025.0038,410.0,926.64,39.51,125.683,10.4,3623.2,70.546,3002.0,925.8,279.5,927.4,130.5,
MUREV2025.0038,410.5,929.0,39.615,125.682,10.45,3632.4,70.733,3009.9,928.2,279.0,929.8,131.5,
MUREV2025.0038,410.0,931.88,39.704,125.619,10.5,3643.7,70.927,3018.2,931.3,278.0,932.5,132.0,
MUREV2025.0038,410.0,935.0,39.821,125.621,10.55,3655.9,71.136,3027.1,934.3,277.5,935.7,132.5,
MUREV2025.0038,409.5,938.12,39.923,125.561,10.6,3668.0,71.352,3036.3,937.4,276.5,938.9,133.0,
MUREV2025.0038,410.0,940.8,40.044,125.562,10.65,3678.5,71.568,3045.5,940.2,276.0,941.4,134.0,
MUREV2025.0038,410.0,943.16,40.177,125.625,10.7,3687.8,71.77,3054.0,942.5,275.5,943.8,134.5,
MUREV2025.0038,410.0,945.36,40.286,125.624,10.75,3696.4,71.964,3062.3,944.7,275.0,946.0,135.0,
MUREV2025.0038,410.5,947.96,40.394,125.623,10.8,3706.5,72.158,3070.6,947.4,274.5,948.5,136.0,
MUREV2025.0038,410.5,950.72,40.507,125.623,10.85,3717.3,72.36,3079.2,950.2,274.0,951.3,136.5,
MUREV2025.0038,410.0,953.72,40.624,125.624,10.9,3729.0,72.569,3088.0,953.3,273.0,954.2,137.0,
MUREV2025.0038,410.0,956.56,40.741,125.625,10.95,3740.1,72.778,3096.9,956.1,272.5,957.0,137.5,
MUREV2025.0038,410.0,959.24,40.883,125.688,11.0,3750.6,72.994,3106.1,958.7,272.0,959.8,138.0,
MUREV2025.0038,410.5,961.56,40.992,125.688,11.05,3759.7,73.188,3114.4,961.1,272.0,962.0,138.5,
MUREV2025.0038,410.5,963.84,41.121,125.749,11.1,3768.6,73.382,3122.7,963.4,271.5,964.3,139.0,
MUREV2025.0038,410.5,966.36,41.245,125.81,11.15,3778.5,73.57,3130.6,966.0,271.0,966.7,139.5,
MUREV2025.0038,411.0,969.16,41.379,125.872,11.2,3789.4,73.771,3139.2,969.0,271.0,969.4,140.0,
MUREV2025.0038,411.0,972.12,41.537,125.997,11.25,3801.0,73.98,3148.1,971.8,270.5,972.5,140.5,
MUREV2025.0038,411.5,975.12,41.679,126.06,11.3,3812.7,74.196,3157.3,974.8,270.5,975.4,141.0,
MUREV2025.0038,412.0,977.56,41.854,126.247,11.35,3822.3,74.398,3165.9,977.1,270.5,978.0,141.5,
MUREV2025.0038,412.5,979.8,42.005,126.37,11.4,3831.0,74.592,3174.1,979.4,270.5,980.2,142.0,
MUREV2025.0038,413.0,981.76,42.168,126.555,11.45,3838.7,74.772,3181.8,981.4,270.5,982.2,142.5,
MUREV2025.0038,414.0,984.24,42.356,126.801,11.5,3848.4,74.959,3189.8,983.7,271.0,984.8,143.0,
MUREV2025.0038,414.5,987.24,42.534,127.006,11.55,3860.1,75.154,3198.0,986.6,271.0,987.9,143.5,
MUREV2025.0038,415.0,990.48,42.717,127.188,11.6,3872.8,75.37,3207.2,989.4,271.0,991.5,144.0,
MUREV2025.0038,416.0,993.52,42.903,127.364,11.65,3884.7,75.593,3216.7,992.3,271.0,994.7,145.0,
MUREV2025.0038,416.5,996.2,43.131,127.676,11.7,3895.1,75.809,3225.9,995.0,271.0,997.4,145.5,
MUREV2025.0038,417.5,998.36,43.351,127.986,11.75,3903.6,76.01,3234.5,996.9,271.0,999.8,146.5,
MUREV2025.0038,418.5,1000.64,43.563,128.295,11.8,3912.5,76.198,3242.5,999.3,271.0,1002.0,147.5,
MUREV2025.0038,420.0,1003.16,43.779,128.605,11.85,3922.4,76.392,3250.7,1001.6,271.0,1004.7,149.0,
MUREV2025.0038,420.5,1006.0,43.996,128.915,11.9,3933.5,76.586,3259.0,1004.2,270.5,1007.8,150.0,
MUREV2025.0038,421.5,1008.96,44.223,129.226,11.95,3945.0,76.795,3267.9,1007.4,270.0,1010.6,151.5,
MUREV2025.0038,423.0,1011.76,44.482,129.619,12.0,3956.0,77.011,3277.1,1009.9,269.5,1013.6,153.5,
MUREV2025.0038,424.0,1014.32,44.703,129.924,12.05,3966.0,77.213,3285.7,1012.5,269.0,1016.2,155.0,
MUREV2025.0038,425.5,1016.6,44.94,130.283,12.1,3974.9,77.407,3293.9,1015.0,268.5,1018.2,157.0,
MUREV2025.0038,426.5,1018.76,45.177,130.654,12.15,3983.4,77.594,3301.9,1017.0,267.5,1020.6,159.0,
MUREV2025.0038,428.0,1021.2,45.414,131.025,12.2,3992.9,77.782,3309.9,1019.6,266.5,1022.8,161.5,
MUREV2025.0038,429.0,1023.76,45.653,131.397,12.25,4002.9,77.969,3317.8,1022.1,265.5,1025.4,163.5,
MUREV2025.0038,430.0,1026.56,45.879,131.707,12.3,4013.8,78.17,3326.4,1024.9,264.0,1028.2,166.0,
MUREV2025.0038,431.0,1029.24,46.102,132.018,12.35,4024.3,78.365,3334.7,1027.8,262.5,1030.6,168.5,
MUREV2025.0038,432.0,1031.52,46.324,132.328,12.4,4033.2,78.559,3343.0,1029.9,261.5,1033.1,170.5,
MUREV2025.0038,433.0,1033.36,46.534,132.636,12.45,4040.4,78.732,3350.3,1032.0,260.0,1034.7,173.0,
MUREV2025.0038,434.0,1035.12,46.74,132.943,12.5,4047.3,78.898,3357.4,1033.8,258.5,1036.4,175.5,
MUREV2025.0038,435.0,1037.16,46.921,133.188,12.55,4055.3,79.056,3364.1,1035.6,257.0,1038.7,178.0,
MUREV2025.0038,435.5,1040.04,47.093,133.374,12.6,4066.6,79.236,3371.8,1038.8,255.0,1041.3,180.5,
MUREV2025.0038,436.0,1043.16,47.253,133.499,12.65,4078.8,79.43,3380.0,1041.6,253.5,1044.7,182.5,
MUREV2025.0038,436.0,1046.16,47.404,133.563,12.7,4090.5,79.646,3389.2,1044.6,251.5,1047.7,184.5,
MUREV2025.0038,436.0,1048.72,47.547,133.626,12.75,4100.5,79.848,3397.8,1047.6,249.5,1049.8,186.5,
MUREV2025.0038,436.0,1050.84,47.68,133.689,12.8,4108.8,80.035,3405.8,1049.3,247.5,1052.4,188.5,
MUREV2025.0038,436.5,1052.76,47.794,133.707,12.85,4116.3,80.215,3413.4,1051.7,246.0,1053.8,190.5,
MUREV2025.0038,436.5,1055.52,47.881,133.638,12.9,4127.1,80.402,3421.4,1054.2,244.0,1056.8,192.5,
MUREV2025.0038,436.0,1058.68,47.979,133.565,12.95,4139.4,80.611,3430.3,1057.0,242.0,1060.3,194.0,
MUREV2025.0038,435.5,1061.92,48.064,133.443,13.0,4152.1,80.827,3439.5,1060.7,240.0,1063.1,195.5,
MUREV2025.0038,435.0,1064.68,48.148,133.321,13.05,4162.9,81.043,3448.7,1063.0,238.0,1066.4,197.0,
MUREV2025.0038,434.5,1066.96,48.23,133.217,13.1,4171.8,81.245,3457.2,1065.4,236.0,1068.5,198.5,
MUREV2025.0038,434.0,1068.84,48.293,133.086,13.15,4179.2,81.432,3465.2,1067.7,234.0,1070.0,200.0,
MUREV2025.0038,434.0,1071.24,48.327,132.885,13.2,4188.5,81.612,3472.9,1069.3,232.5,1073.2,201.5,
MUREV2025.0038,433.5,1074.12,48.375,132.699,13.25,4199.8,81.806,3481.1,1072.9,230.5,1075.4,203.0,
MUREV2025.0038,432.5,1077.24,48.412,132.452,13.3,4212.0,82.022,3490.3,1075.8,228.5,1078.6,204.0,
MUREV2025.0038,431.5,1080.04,48.467,132.267,13.35,4223.0,82.231,3499.2,1078.4,226.5,1081.7,205.0,
MUREV2025.0038,431.0,1082.36,48.495,132.019,13.4,4232.0,82.433,3507.8,1081.4,224.5,1083.4,206.5,
MUREV2025.0038,430.5,1084.24,48.532,131.831,13.45,4239.4,82.613,3515.4,1082.8,223.0,1085.7,207.5,
MUREV2025.0038,429.5,1086.64,48.523,131.519,13.5,4248.8,82.793,3523.1,1085.6,221.0,1087.7,208.5,
MUREV2025.0038,428.5,1089.52,48.549,131.271,13.55,4260.0,82.994,3531.7,1088.6,219.0,1090.5,209.5,
MUREV2025.0038,427.5,1092.56,48.552,130.961,13.6,4271.9,83.196,3540.3,1091.2,217.0,1093.9,210.5,
MUREV2025.0038,426.0,1095.4,48.563,130.652,13.65,4283.0,83.412,3549.5,1094.8,215.0,1096.0,211.0,
MUREV2025.0038,425.5,1097.8,48.565,130.342,13.7,4292.4,83.614,3558.0,1096.9,213.5,1098.7,212.0,
MUREV2025.0038,424.5,1099.88,48.557,130.03,13.75,4300.5,83.801,3566.0,1099.0,212.0,1100.8,212.5,
MUREV2025.0038,423.5,1102.28,48.556,129.738,13.8,4309.9,83.988,3574.0,1101.8,210.0,1102.7,213.5,
MUREV2025.0038,422.0,1105.0,48.522,129.359,13.85,4320.6,84.175,3581.9,1103.9,208.5,1106.1,213.5,
MUREV2025.0038,421.0,1108.0,48.498,128.974,13.9,4332.3,84.384,3590.8,1107.3,207.0,1108.7,214.0,
MUREV2025.0038,420.0,1110.88,48.478,128.603,13.95,4343.5,84.593,3599.7,1110.2,205.5,1111.6,214.5,
MUREV2025.0038,418.5,1113.52,48.464,128.25,14.0,4353.9,84.802,3608.6,1112.5,204.0,1114.6,214.5,
MUREV2025.0038,417.0,1115.64,48.408,127.808,14.05,4362.2,84.996,3616.9,1115.0,202.5,1116.3,214.5,
MUREV2025.0038,416.0,1118.0,48.368,127.422,14.1,4371.4,85.183,3624.8,1117.0,201.0,1119.0,215.0,
MUREV2025.0038,415.0,1120.52,48.316,127.005,14.15,4381.2,85.37,3632.8,1119.4,200.0,1121.6,215.0,
MUREV2025.0038,413.5,1123.44,48.286,126.627,14.2,4392.7,85.572,3641.4,1122.4,198.5,1124.5,215.0,
MUREV2025.0038,412.0,1126.36,48.24,126.199,14.25,4404.1,85.781,3650.3,1125.2,197.0,1127.5,215.0,
MUREV2025.0038,410.5,1129.2,48.193,125.76,14.3,4415.2,85.997,3659.5,1128.1,195.5,1130.3,215.0,
MUREV2025.0038,409.0,1131.68,48.135,125.313,14.35,4424.9,86.198,3668.0,1130.6,194.0,1132.8,215.0,
MUREV2025.0038,408.0,1134.0,48.1,124.94,14.4,4433.9,86.393,3676.3,1132.7,193.0,1135.3,215.0,
MUREV2025.0038,406.5,1136.28,48.043,124.523,14.45,4442.9,86.58,3684.3,1135.0,191.5,1137.5,215.0,
MUREV2025.0038,405.0,1138.84,47.98,124.081,14.5,4452.9,86.774,3692.5,1137.4,190.0,1140.2,215.0,
MUREV2025.0038,403.5,1141.72,47.942,123.696,14.55,4464.1,86.976,3701.1,1140.2,188.5,1143.2,215.0,
MUREV2025.0038,402.0,1144.68,47.889,123.263,14.6,4475.7,87.185,3710.0,1143.4,187.0,1146.0,215.0,
MUREV2025.0038,401.0,1147.48,47.866,122.909,14.65,4486.6,87.394,3718.9,1146.2,186.0,1148.8,215.0,
MUREV2025.0038,400.0,1150.0,47.804,122.469,14.7,4496.5,87.595,3727.5,1148.7,184.5,1151.3,215.5,
MUREV2025.0038,398.5,1152.28,47.76,122.084,14.75,4505.4,87.79,3735.7,1151.0,183.0,1153.5,215.5,
MUREV2025.0038,397.0,1154.72,47.719,121.71,14.8,4515.0,87.984,3744.0,1153.4,181.5,1156.1,215.5,
MUREV2025.0038,395.5,1157.4,47.682,121.337,14.85,4525.4,88.186,3752.6,1156.2,180.0,1158.6,215.5,
MUREV2025.0038,395.0,1160.24,47.62,120.903,14.9,4536.5,88.387,3761.2,1159.0,179.0,1161.5,216.0,
MUREV2025.0038,393.5,1163.12,47.593,120.549,14.95,4547.8,88.596,3770.1,1161.9,177.5,1164.3,216.0,
MUREV2025.0038,392.0,1165.92,47.531,120.109,15.0,4558.7,88.805,3778.9,1164.9,176.0,1167.0,216.0,
MUREV2025.0038,391.0,1168.44,47.49,119.725,15.05,4568.6,89.014,3787.8,1167.2,175.0,1169.7,216.0,
MUREV2025.0038,390.0,1170.8,47.446,119.352,15.1,4577.8,89.208,3796.1,1169.7,174.0,1171.9,216.0,
MUREV2025.0038,388.0,1173.4,47.407,118.997,15.15,4588.0,89.402,3804.4,1172.2,172.5,1174.6,215.5,
MUREV2025.0038,387.0,1176.2,47.363,118.618,15.2,4598.9,89.604,3812.9,1174.9,171.5,1177.5,215.5,
MUREV2025.0038,386.0,1179.04,47.32,118.235,15.25,4610.0,89.813,3821.8,1178.0,170.5,1180.1,215.5,
MUREV2025.0038,385.0,1182.04,47.285,117.863,15.3,4621.8,90.029,3831.0,1180.7,169.5,1183.4,215.5,
MUREV2025.0038,383.5,1184.6,47.252,117.508,15.35,4631.8,90.238,3839.9,1183.2,168.5,1186.0,215.0,
MUREV2025.0038,382.5,1187.12,47.205,117.13,15.4,4641.6,90.439,3848.5,1185.9,167.5,1188.3,215.0,
MUREV2025.0038,381.5,1189.36,47.158,116.762,15.45,4650.4,90.634,3856.8,1187.8,166.5,1191.0,215.0,
MUREV2025.0038,380.0,1192.0,47.109,116.383,15.5,4660.7,90.835,3865.3,1190.6,165.5,1193.4,214.5,
MUREV2025.0038,378.5,1194.8,47.054,115.999,15.55,4671.7,91.03,3873.6,1193.3,164.0,1196.3,214.5,
MUREV2025.0038,377.5,1197.8,47.015,115.627,15.6,4683.4,91.246,3882.8,1196.0,163.0,1199.6,214.5,
MUREV2025.0038,376.0,1200.6,46.978,115.272,15.65,4694.3,91.454,3891.7,1199.0,162.0,1202.2,214.0,
MUREV2025.0038,375.0,1203.28,46.934,114.895,15.7,4704.8,91.67,3900.9,1201.3,161.0,1205.3,214.0,
MUREV2025.0038,373.5,1205.8,46.906,114.573,15.75,4714.7,91.872,3909.5,1203.8,159.5,1207.8,214.0,
MUREV2025.0038,372.5,1208.24,46.859,114.216,15.8,4724.2,92.066,3917.7,1206.4,158.5,1210.1,214.0,
MUREV2025.0038,372.0,1210.64,46.834,113.916,15.85,4733.6,92.261,3926.0,1208.4,157.5,1212.9,214.5,
MUREV2025.0038,370.5,1213.36,46.776,113.526,15.9,4744.2,92.462,3934.6,1211.5,156.0,1215.2,214.5,
MUREV2025.0038,369.0,1216.08,46.719,113.142,15.95,4754.9,92.664,3943.2,1214.1,154.5,1218.1,214.5,
MUREV2025.0038,368.5,1218.72,46.693,112.832,16.0,4765.2,92.866,3951.7,1216.6,153.5,1220.9,215.0,
MUREV2025.0038,367.0,1221.2,46.636,112.459,16.05,4774.9,93.06,3960.0,1219.4,152.0,1223.0,215.0,
MUREV2025.0038,366.0,1223.72,46.607,112.147,16.1,4784.7,93.262,3968.6,1221.4,150.5,1226.0,215.5,
MUREV2025.0038,364.833,1226.66,46.565,111.774,16.15,4796.2,93.488,3978.2,1224.7,148.8,1228.6,216.1,
MUREV2025.0038,364.0,1228.76,46.516,111.463,16.2,4804.5,93.65,3985.1,1226.9,147.5,1230.6,216.5,
MUREV2025.0038,362.5,1231.32,46.49,111.17,16.25,4814.5,93.845,3993.4,1229.2,146.0,1233.4,216.5,
MUREV2025.0038,361.5,1234.0,46.453,110.852,16.3,4824.9,94.039,4001.7,1232.5,144.5,1235.5,217.0,
MUREV2025.0038,360.5,1236.72,46.392,110.469,16.35,4835.6,94.241,4010.3,1234.9,143.0,1238.6,217.5,
MUREV2025.0038,359.5,1239.48,46.364,110.159,16.4,4846.4,94.45,4019.1,1237.8,141.5,1241.2,218.0,
MUREV2025.0038,358.25,1242.267,46.322,109.796,16.45,4857.3,94.676,4028.8,1241.2,139.8,1243.3,218.5,
MUREV2025.0038,357.0,1244.2,46.292,109.537,16.5,4864.8,94.838,4035.7,1242.9,138.5,1245.5,218.5,
MUREV2025.0038,356.5,1246.76,46.259,109.243,16.55,4874.8,95.026,4043.7,1246.0,137.5,1247.5,219.0,
MUREV2025.0038,355.5,1249.52,46.229,108.942,16.6,4885.6,95.227,4052.2,1248.9,136.0,1250.2,219.5,
MUREV2025.0038,354.5,1252.32,46.162,108.554,16.65,4896.6,95.429,4060.8,1251.7,135.0,1253.0,219.5,
MUREV2025.0038,353.0,1255.2,46.127,108.233,16.7,4907.8,95.638,4069.7,1255.1,133.5,1255.3,219.5,
MUREV2025.0038,352.0,1257.96,46.095,107.924,16.75,4918.6,95.846,4078.6,1257.6,132.5,1258.3,219.5,
MUREV2025.0038,351.5,1260.6,46.063,107.614,16.8,4928.9,96.055,4087.5,1260.6,132.0,1260.6,219.5,
MUREV2025.0038,349.8,1263.544,46.019,107.242,16.85,4940.5,96.297,4097.8,1263.9,130.9,1263.2,218.9,
MUREV2025.0038,348.8,1266.08,45.981,106.931,16.9,4950.4,96.497,4106.3,1266.2,130.4,1265.9,218.4,
MUREV2025.0038,347.833,1268.627,45.945,106.636,16.95,4960.3,96.688,4114.4,1269.2,129.9,1268.0,217.9,
MUREV2025.0038,347.0,1270.96,45.891,106.32,17.0,4969.5,96.862,4121.8,1271.4,129.5,1270.5,217.5,
MUREV2025.0038,345.5,1273.72,45.856,106.017,17.05,4980.2,97.063,4130.4,1274.0,129.0,1273.4,216.5,
MUREV2025.0038,345.0,1276.28,45.813,105.7,17.1,4990.3,97.265,4138.9,1277.1,129.0,1275.4,216.0,
MUREV2025.0038,343.7,1279.28,45.739,105.267,17.15,5002.0,97.505,4149.2,1279.5,128.9,1279.1,214.8,
MUREV2025.0038,342.3,1281.672,45.683,104.931,17.2,5011.3,97.698,4157.4,1281.9,128.5,1281.4,213.8,
MUREV2025.0038,341.25,1284.013,45.615,104.58,17.25,5020.5,97.88,4165.1,1284.2,128.5,1283.8,212.8,
MUREV2025.0038,340.0,1286.28,45.577,104.321,17.3,5029.4,98.042,4172.0,1285.8,128.5,1286.8,211.5,
MUREV2025.0038,338.833,1289.273,45.496,103.886,17.35,5041.1,98.278,4182.0,1289.1,128.5,1289.4,210.3,
MUREV2025.0038,338.0,1291.64,45.443,103.588,17.4,5050.3,98.446,4189.2,1291.3,128.5,1292.0,209.5,
MUREV2025.0038,336.8,1295.016,45.367,103.154,17.45,5063.5,98.695,4199.8,1294.2,128.5,1295.8,208.3,
MUREV2025.0038,335.7,1297.656,45.312,102.819,17.5,5073.8,98.896,4208.4,1297.3,128.4,1298.0,207.3,
MUREV2025.0038,334.3,1300.096,45.245,102.459,17.55,5083.4,99.096,4216.9,1299.1,128.0,1301.1,206.3,
MUREV2025.0038,333.3,1302.368,45.194,102.147,17.6,5092.3,99.288,4225.0,1301.6,127.9,1303.2,205.4,
MUREV2025.0038,332.333,1304.6,45.141,101.846,17.65,5101.0,99.464,4232.5,1304.0,127.4,1305.2,204.9,
MUREV2025.0038,331.5,1306.8,45.106,101.601,17.7,5109.6,99.626,4239.4,1305.6,127.0,1308.0,204.5,
MUREV2025.0038,330.0,1309.76,45.036,101.239,17.75,5121.2,99.828,4248.0,1309.3,126.0,1310.2,204.0,
MUREV2025.0038,329.5,1312.76,44.989,100.915,17.8,5132.9,100.044,4257.2,1312.2,125.5,1313.4,204.0,
MUREV2025.0038,327.8,1315.92,44.937,100.548,17.85,5145.2,100.292,4267.7,1315.1,124.3,1316.8,203.5,
MUREV2025.0038,326.8,1318.288,44.889,100.247,17.9,5154.5,100.486,4276.0,1317.9,123.3,1318.7,203.5,
MUREV2025.0038,325.8,1320.552,44.829,99.921,17.95,5163.4,100.679,4284.2,1319.7,122.3,1321.4,203.5,
MUREV2025.0038,324.9,1322.976,44.775,99.614,18.0,5172.8,100.868,4292.3,1322.1,121.3,1323.9,203.6,
MUREV2025.0038,324.25,1325.627,44.722,99.309,18.05,5183.2,101.058,4300.4,1324.9,120.3,1326.4,204.0,
MUREV2025.0038,323.0,1328.16,44.683,99.051,18.1,5193.1,101.232,4307.8,1327.2,119.0,1329.1,204.0,
MUREV2025.0038,321.8,1331.688,44.629,98.686,18.15,5206.9,101.484,4318.5,1330.9,117.7,1332.5,204.1,
MUREV2025.0038,320.9,1334.448,44.592,98.397,18.2,5217.7,101.699,4327.6,1333.6,116.3,1335.3,204.6,
MUREV2025.0038,320.2,1336.88,44.564,98.137,18.25,5227.2,101.904,4336.4,1335.9,115.2,1337.8,205.0,
MUREV2025.0038,318.9,1339.296,44.514,97.838,18.3,5236.6,102.099,4344.6,1338.4,113.8,1340.2,205.1,
MUREV2025.0038,318.3,1341.824,44.48,97.577,18.35,5246.5,102.295,4353.0,1340.9,112.7,1342.8,205.6,
MUREV2025.0038,317.3,1344.544,44.421,97.257,18.4,5257.2,102.496,4361.6,1343.7,111.2,1345.4,206.1,
MUREV2025.0038,316.333,1347.18,44.371,96.962,18.45,5267.5,102.692,4369.9,1346.3,109.8,1348.0,206.5,
MUREV2025.0038,315.5,1349.48,44.352,96.756,18.5,5276.5,102.866,4377.3,1348.7,109.0,1350.2,206.5,
MUREV2025.0038,314.4,1352.904,44.296,96.399,18.55,5289.9,103.117,4388.0,1352.2,107.3,1353.6,207.1,
MUREV2025.0038,313.7,1355.6,44.265,96.136,18.6,5300.4,103.326,4396.9,1354.9,106.2,1356.3,207.5,
MUREV2025.0038,312.4,1358.208,44.212,95.829,18.65,5310.6,103.533,4405.7,1357.7,104.8,1358.8,207.6,
MUREV2025.0038,311.8,1360.84,44.184,95.582,18.7,5320.9,103.735,4414.3,1360.4,103.8,1361.3,208.0,
MUREV2025.0038,310.917,1363.36,44.13,95.288,18.75,5330.7,103.93,4422.6,1362.9,102.8,1363.8,208.1,
MUREV2025.0038,310.5,1365.56,44.106,95.081,18.8,5339.3,104.098,4429.7,1365.1,102.0,1366.0,208.5,
MUREV2025.0038,309.5,1368.24,44.046,94.761,18.85,5349.8,104.306,4438.6,1367.8,101.0,1368.7,208.5,
MUREV2025.0038,308.5,1371.04,44.015,94.513,18.9,5360.8,104.508,4447.2,1370.6,100.0,1371.5,208.5,
MUREV2025.0038,307.3,1374.104,43.952,94.152,18.95,5372.7,104.757,4457.8,1373.6,98.8,1374.7,208.5,
MUREV2025.0038,306.4,1376.616,43.919,93.903,19.0,5382.6,104.957,4466.3,1376.1,97.9,1377.1,208.5,
MUREV2025.0038,305.8,1379.136,43.878,93.642,19.05,5392.4,105.152,4474.6,1378.7,97.3,1379.6,208.5,
MUREV2025.0038,304.8,1381.816,43.82,93.344,19.1,5402.9,105.348,4482.9,1381.4,96.3,1382.2,208.5,
MUREV2025.0038,303.7,1384.552,43.782,93.083,19.15,5413.6,105.552,4491.6,1384.3,95.3,1384.8,208.4,
MUREV2025.0038,302.4,1387.488,43.725,92.773,19.2,5425.1,105.767,4500.7,1387.2,94.4,1387.7,208.0,
MUREV2025.0038,301.8,1390.32,43.671,92.475,19.25,5436.2,105.975,4509.6,1390.3,93.8,1390.3,208.0,
MUREV2025.0038,300.8,1393.064,43.634,92.215,19.3,5446.9,106.184,4518.5,1393.6,92.9,1392.5,207.9,
MUREV2025.0038,299.9,1395.592,43.578,91.917,19.35,5456.8,106.392,4527.3,1396.8,92.4,1394.4,207.5,
MUREV2025.0038,299.3,1398.168,43.549,91.682,19.4,5466.8,106.593,4535.9,1399.9,91.9,1396.4,207.4,
MUREV2025.0038,298.3,1400.824,43.505,91.417,19.45,5477.2,106.796,4544.5,1402.7,91.4,1399.0,206.9,
MUREV2025.0038,297.3,1403.52,43.443,91.11,19.5,5487.8,107.004,4553.4,1404.8,91.0,1402.2,206.3,
MUREV2025.0038,296.3,1406.08,43.406,90.861,19.55,5497.8,107.204,4561.9,1406.8,90.9,1405.3,205.4,
MUREV2025.0038,295.4,1408.256,43.369,90.624,19.6,5506.3,107.392,4569.9,1408.8,90.5,1407.7,204.9,
MUREV2025.0038,295.0,1409.256,43.352,90.458,19.65,5510.2,107.546,4576.5,1409.9,90.6,1408.7,204.4,
MUREV2025.0038,294.9,1408.904,43.335,90.345,19.7,5508.8,107.64,4580.4,1409.6,91.0,1408.2,203.9,
MUREV2025.0038,294.4,1407.608,43.309,90.267,19.75,5503.7,107.667,4581.6,1408.1,91.0,1407.1,203.4,
MUREV2025.0038,294.0,1406.416,43.26,90.174,19.8,5499.1,107.657,4581.2,1406.6,91.0,1406.2,203.0,
MUREV2025.0038,293.9,1406.096,43.185,90.033,19.85,5497.8,107.64,4580.4,1406.0,91.0,1406.2,202.9,
MUREV2025.0038,293.4,1406.696,43.105,89.86,19.9,5500.2,107.646,4580.7,1406.4,91.0,1407.0,202.4,
MUREV2025.0038,292.9,1407.792,43.023,89.664,19.95,5504.5,107.677,4582.0,1407.6,91.0,1407.9,201.9,
MUREV2025.0038,292.4,1408.776,42.953,89.483,20.0,5508.3,107.719,4583.8,1408.9,91.0,1408.6,201.4,
MUREV2025.0038,291.9,1408.864,42.903,89.351,20.05,5508.7,107.751,4585.2,1409.5,91.0,1408.2,200.9,
MUREV2025.0038,291.5,1408.12,42.854,89.243,20.1,5505.7,107.758,4585.5,1409.3,91.0,1406.9,200.5,
MUREV2025.0038,291.4,1407.2,42.814,89.18,20.15,5502.2,107.735,4584.5,1408.7,91.0,1405.7,200.4,
MUREV2025.0038,291.0,1406.736,42.757,89.082,20.2,5500.3,107.709,4583.4,1408.0,91.0,1405.5,200.0,
MUREV2025.0038,290.9,1406.936,42.685,88.942,20.25,5501.1,107.698,4582.9,1407.7,91.0,1406.1,199.9,
MUREV2025.0038,290.4,1407.448,42.63,88.826,20.3,5503.1,107.699,4583.0,1408.0,91.0,1406.9,199.4,
MUREV2025.0038,289.9,1405.704,42.54,88.669,20.35,5496.3,107.663,4581.4,1406.6,91.0,1404.8,198.9,
MUREV2025.0038,289.1,1395.64,42.258,88.315,20.4,5457.0,107.376,4569.2,1399.1,90.9,1392.2,198.2,
MUREV2025.0038,286.6,1375.04,41.613,87.55,20.45,5376.4,106.661,4538.8,1382.7,90.2,1367.4,196.4,
MUREV2025.0038,281.6,1343.904,40.366,85.951,20.5,5254.7,105.391,4484.7,1355.5,88.5,1332.3,193.1,
